frame,x_tru,y_tru,inc_tru,az_tru
61.0,4889.17734893035,1457.21726440709,1.0471975511966,0.0
