frame,x_tru,y_tru,inc_tru,az_tru
47.0,2632.02891497132,3077.87837872561,0.802851455917392,0.0
61.0,4889.17734893035,1457.21726440709,1.0471975511966,0.0
