frame,x_tru,y_tru,inc_tru,az_tru
11.0,4682.93008492395,3905.72290342766,0.174532925199433,0.0
