id,frame,x [nm],y [nm],sigma [nm],intensity [photon],offset [photon],bkgstd [photon],chi2,uncertainty [nm],az_tru,inc_tru
16.0,2.0,4667.440892817353,2430.3402926489366,42.92605702811637,209.25799408558436,87.40088390458777,12.69009868611951,1316.853444555996,11.382658099426438,,
29.0,3.0,6338.361567202358,3813.622294609198,32.91524760605796,148.7892069933589,87.2192808991245,12.631630228414265,1275.32610237967,9.47933914956147,,
101.0,11.0,4687.593925063617,6626.204894018677,34.6513347378599,157.86764446746068,87.27453851495348,12.60869061814104,1274.3211052707525,9.857088031261036,,
294.0,33.0,2339.305141723376,6439.109867929238,94.54359050393948,134.07505488096223,87.02486690789993,13.10403177990884,1397.433310935729,85.93864925705412,,
429.0,47.0,6454.023114146493,6345.36683891174,7.031930256327327,123.48554103731983,88.3469204955907,13.204748462261868,1313.8754485900988,1.5612662573764733,0.0,0.802851455917392
423.0,47.0,3692.714623338392,4990.532811062494,50.15590622588901,207.61552608455156,86.0713924080733,12.5357625313736,1288.3305831584803,15.308862149796695,,
429.0,47.0,6454.023114146493,6345.36683891174,7.031930256327327,123.48554103731983,88.3469204955907,13.204748462261868,1313.8754485900988,1.5612662573764733,,
441.0,49.0,2838.766085570276,3355.3473369803937,36.69289130993601,181.90223816110128,86.48308114472947,12.663098896113478,1315.1146589467585,9.634610139899891,,
509.0,56.0,3641.763442278383,5899.96461641361,37.584207706529455,154.58763462126845,88.37924878159878,13.61249135958701,1460.2268280075116,12.60504097269133,,
