id,frame,x [nm],y [nm],sigma [nm],intensity [photon],offset [photon],bkgstd [photon],chi2,uncertainty [nm],az_tru,inc_tru
16.0,2.0,4665.708870025629,2430.048449525304,45.31909483704756,229.37183151317487,86.44102573120163,12.925626098864532,626.2266654144863,11.761419977621555,,
29.0,3.0,6338.464721131775,3813.8462602478703,33.41724411642779,153.20940700012963,86.82670441858929,13.019271907357428,626.565186622637,9.749321365326972,,
101.0,11.0,4687.34736241761,6625.561137132317,36.27707854151109,171.34041694192507,86.27663120498701,12.639354612811168,593.8125447525761,9.96555167159191,,
294.0,33.0,2040.4033269058973,6644.0702798658185,31.06334559503679,130.30781030033623,86.43502117376393,12.363462282894902,579.4843488899058,9.457273509965765,,
429.0,47.0,6464.250267444728,6339.985232618369,23.5563005254912,137.30939714481931,87.96661634328683,14.159742032341413,690.2791906272827,6.084866201380752,0.0,0.802851455917392
423.0,47.0,3693.1184052396634,4990.479908097811,51.371929069406136,218.6517183391909,85.60146079268235,12.833461347473216,623.8945086164177,15.59164108512947,,
429.0,47.0,6464.250267444728,6339.985232618369,23.5563005254912,137.30939714481931,87.96661634328683,14.159742032341413,690.2791906272827,6.084866201380752,,
441.0,49.0,2838.744844765937,3355.5161364773253,36.9141390753205,184.0956732772604,86.32103890787761,12.502147313334252,589.0607667395026,9.52314880058805,,
509.0,56.0,3641.832818726589,5900.032713532117,37.90849814421571,157.11228351253146,88.20435470667655,12.90255731524781,605.8305688911321,12.00277899744909,,
