id,frame,x [nm],y [nm],sigma [nm],intensity [photon],offset [photon],bkgstd [photon],chi2,uncertainty [nm],az_tru,inc_tru
16.0,2.0,4666.347695896244,2430.152630807256,44.406620055742366,221.4583651390541,86.81217394396342,12.87693521324468,769.5919563857949,11.659226157521465,,
29.0,3.0,6338.324448987244,3813.5396651431656,32.741924338759034,147.27937399611855,87.35574496377576,12.926913828723713,770.4569597492768,9.677062330663947,,
101.0,11.0,4687.450831695642,6625.827377665259,35.60672609568727,165.77434407408325,86.67697249728718,12.405786904077893,713.9984094527879,9.760736580079024,,
294.0,33.0,2040.814211414487,6644.059497526396,30.45607611748794,126.09895673536562,86.84545789564775,12.684923251679818,758.2367898171855,9.620902756012546,,
429.0,47.0,6453.078865213208,6346.515384658728,4.681266535944933,123.53244441308472,88.33484953492618,14.140889674548037,859.9964870855026,1.4163744899375936,0.0,0.802851455917392
423.0,47.0,3692.942305497552,4990.499330016524,50.84271542123141,213.830019121252,85.80356716921807,12.68880586918884,755.272171748877,15.449924328651276,,
429.0,47.0,6453.078865213208,6346.515384658728,4.681266535944933,123.53244441308472,88.33484953492618,14.140889674548037,859.9964870855026,1.4163744899375936,,
441.0,49.0,2838.7391330364044,3355.5598534746746,36.97437463707973,184.6832672073963,86.278502178002,12.530362133256435,755.3791535039659,9.54307955021123,,
509.0,56.0,3641.4346372006753,5899.681120332866,36.28659879072772,144.78413932576254,89.08378214715022,13.468992096233029,800.3376467573421,12.427963431858426,,
