id,frame,x [nm],y [nm],sigma [nm],intensity [photon],offset [photon],bkgstd [photon],chi2,uncertainty [nm],az_tru,inc_tru
16.0,2.0,4667.062437764506,2430.2739102561786,43.43215934160458,213.33201941050416,87.20244881379809,13.006923166919892,964.9978132417004,11.691230031663032,,
29.0,3.0,6338.417353612903,3813.7462466456,33.188265411320494,151.1804128929811,87.0058916082357,13.130618125796188,972.2262786188794,9.822154852280184,,
101.0,11.0,4687.508501929721,6625.978264191245,35.22541212668796,162.61402680619943,86.91169801692206,12.45722847986517,872.0529749855934,9.777549610938271,,
294.0,33.0,2040.766744298536,6644.059509446979,30.526927344240324,126.58279229593262,86.79762682063216,12.646019889258646,923.060426749219,9.60133968522602,,
429.0,47.0,6453.693621453564,6345.768242045257,6.220933303759502,123.71079220312814,88.28945411207914,13.804675199849624,998.0785891835473,1.502485287453519,0.0,0.802851455917392
423.0,47.0,3692.946372708703,4990.499409967364,50.85056359177989,213.90935780217183,85.79997331009933,12.660233182024385,925.2836096509726,15.416103325811775,,
429.0,47.0,6453.693621453564,6345.768242045257,6.220933303759502,123.71079220312814,88.28945411207914,13.804675199849624,998.0785891835473,1.502485287453519,,
441.0,49.0,2838.6953236879226,3355.883820268011,37.4047005853471,188.89827750938585,85.97705035640003,12.722986768470308,942.6432757496652,9.679969845199825,,
509.0,56.0,3641.420168681326,5899.669437757658,36.23609670303903,144.41180842267295,89.11141339697973,13.594196253555232,999.5335770273488,12.533211944785627,,
