id,frame,x [nm],y [nm],sigma [nm],intensity [photon],offset [photon],bkgstd [photon],chi2,uncertainty [nm],az_tru,inc_tru
16.0,2.0,4667.695111204462,2430.3850391560813,42.59239270626221,206.62103678299107,87.53053124797881,12.876269107570954,1141.267340638038,11.505297440677673,,
29.0,3.0,6338.393608018145,3813.692843283559,33.06773080953585,150.12518064953534,87.09950459932958,12.911430496365856,1122.9403217921,9.671180305108424,,
101.0,11.0,4687.586148245194,6626.184150706699,34.7039991536519,158.3024354246154,87.24077631365532,12.284936311095814,1030.7830277021142,9.630095144257831,,
294.0,33.0,1775.7691857365107,6775.987934628767,99.35992763953216,1.9061705158785524e-11,87.05060695024073,13.1106936619964,1190.685871306355,664869520700356.4,,
429.0,47.0,6453.076160895143,6346.518608943687,4.676337852576708,123.5781089932854,88.32327273162541,13.45613760173269,1151.3827145846217,1.4138787441282474,0.0,0.802851455917392
423.0,47.0,3692.6570306698495,4990.543326819971,49.977111596670326,206.0138839123771,86.14157072010335,12.633006853277395,1108.5227025224835,15.430244493300444,,
429.0,47.0,6453.076160895143,6346.518608943687,4.676337852576708,123.5781089932854,88.32327273162541,13.45613760173269,1151.3827145846217,1.4138787441282474,,
441.0,49.0,2838.71154582832,3355.766946677601,37.24702639799798,187.3649718776213,86.08521186691044,12.8647025177001,1145.9752253656618,9.77570250376732,,
509.0,56.0,3641.5962939646433,5899.814669833601,36.88638976462031,149.25549900183233,88.75727588969166,13.740125181621496,1241.5680398066306,12.688282942181711,,
