id,frame,x [nm],y [nm],sigma [nm],intensity [photon],offset [photon],bkgstd [photon],chi2,uncertainty [nm],az_tru,inc_tru
16.0,2.0,4665.994649457447,2430.0942928508894,44.90655948013412,225.75679144979836,86.60952864900432,12.75536867923005,479.673328689028,11.591556418019207,,
29.0,3.0,6338.526576069528,3813.9735181947017,33.72246137654589,155.9375405584829,86.58901684072357,13.21286005375312,500.30749474256936,9.884829173868225,,
101.0,11.0,4687.271692882563,6625.370469594948,36.75535069836029,175.31720802759995,86.00055961207013,12.650211855600627,464.29986434842783,10.002699493374426,,
294.0,33.0,2040.14257085248,6644.086742914536,31.44439355797724,133.02462141933617,86.17627541104335,12.295832336071816,455.3970911690655,9.442199993058946,,
429.0,47.0,6469.0077807967655,6341.354154581502,27.11443004206351,152.602860446031,87.03133887270927,13.938804390154305,526.2313407083783,7.034444668426944,0.0,0.802851455917392
423.0,47.0,3693.388821702706,4990.459511519278,52.19744345522187,226.2068951474833,85.2949233377054,12.461212371678704,459.51163359972514,15.132299081355391,,
429.0,47.0,6469.0077807967655,6341.354154581502,27.11443004206351,152.602860446031,87.03133887270927,13.938804390154305,526.2313407083783,7.034444668426944,,
441.0,49.0,2838.615129821452,3356.425297805023,38.12553201920568,195.8597213559196,85.50133129323237,12.567799951012804,467.4277951623869,9.588624705402909,,
509.0,56.0,3642.104102350577,5900.32685730745,39.39397536142479,168.95787258737354,87.4204086756191,13.099207989490589,482.49457911441306,12.21745217344699,,
