"id","frame","x [nm]","y [nm]","sigma [nm]","intensity [photon]","offset [photon]","bkgstd [photon]","uncertainty [nm]"
1.0,85.0,2754.4958377899925,1467.5325382054025,367.23315532594063,44974.41509670366,2.31275765378089E-5,19.118519035392044,5.874793843567099
2.0,102.0,4874.795695986605,5320.994883606336,241.46794080568995,21124.95846533046,1.8822964847949478E-5,17.22575565365565,4.943947264801778
3.0,165.0,2307.9535495043247,2574.850711594312,249.76203917619998,21034.924922617585,1.7312130411810887E-5,20.332057876207955,6.150828534473481
4.0,234.0,2215.151278388133,5502.15088110906,269.2400460341739,20033.367569560804,24.156789496230104,17.058932462151155,6.337173698295317
5.0,297.0,5554.524574830849,3184.880744546736,295.5015854469193,29713.51336971186,1.272689769239923,15.898939619342844,4.886311407007249
6.0,344.0,1614.0096098609674,4577.183531794235,241.3659043987711,19916.348579867077,1.2670205940891875E-6,13.88801034695418,4.331071747568203
7.0,542.0,3433.1580726029592,1619.7164627181137,311.3640634112205,32765.683238179838,2.5526490811420026,16.285702515620102,5.022616247635983
