"id","frame","x [nm]","y [nm]","sigma [nm]","intensity [photon]","offset [photon]","bkgstd [photon]","uncertainty [nm]"
1.0,85.0,2756.3768267065093,1469.2381245644847,372.3256059223808,46221.94065895475,5.173575287537855E-6,19.116460391224887,5.87523225535009
2.0,102.0,4875.026163977186,5321.142968507308,242.29649472442063,21259.820083665494,3.89175358766463E-6,17.223389088703627,4.945610273904503
3.0,165.0,2307.757728099043,2574.755837303556,250.67856460407276,21177.19208142229,4.9488572839906435E-6,20.330686335603435,6.153898451712052
4.0,234.0,2218.258168746097,5496.731714911617,202.68785892855848,7551.0919932249835,63.45959184584365,17.111473043503146,9.410783381617597
5.0,297.0,5554.559464727317,3182.723708712765,208.94075026813613,7693.249504387882,69.70904584832148,15.931620420784862,9.168572324206618
6.0,344.0,1614.1318559660228,4577.138919741615,241.58900740291313,19950.18948742311,1.2292696645728112E-6,13.887661412313177,4.331576896333859
7.0,542.0,3441.178268702717,1620.5669711731935,286.39344996447267,21959.46244748163,31.79856412416864,16.291169928732273,6.264490793585374
