frame,x_tru,y_tru,inc_tru,az_tru
71.0,3823.24638137039,2240.01517603035,0.191986217719376,4.18879020478639
152.0,3850.46720311186,695.594366570327,0.436332312998582,1.0471975511966
179.0,2242.16328792074,3812.74288682883,0.506145483078356,4.18879020478639
191.0,2256.96631282089,2227.63474787197,0.541052068118242,4.18879020478639
