id,frame,x [nm],y [nm],sigma [nm],intensity [photon],offset [photon],bkgstd [photon],chi2,uncertainty [nm],az_tru,inc_tru
16.0,2.0,4665.248604174839,2429.9772009108387,46.00464825995863,235.50278198130172,86.15977095120529,12.696742447346889,358.71452505274533,11.60770465571082,,
29.0,3.0,6338.647132289822,3814.212016907415,34.336639299597635,161.50659638020184,86.11506249894403,13.551762375310815,393.3458891473625,10.123375077874083,,
101.0,11.0,4687.221106610254,6625.2453228834775,37.06899856916458,177.92730617845243,85.82374210811695,12.4532363983739,341.21379500726255,9.880790262423025,,
294.0,33.0,2038.9364864961544,6644.236662874413,33.19153938443243,146.21436721776325,84.98255028929431,12.014098784662895,330.5782403423803,9.358985603511494,,
423.0,47.0,3693.622171669089,4990.451959477861,52.92165249299092,232.8763460741217,85.0338744931761,13.01013212190022,373.4593989234917,15.737932200946304,,
429.0,47.0,6470.619445365952,6342.183473455761,28.59871409341241,162.0396865539583,86.26146057784294,13.12679173763023,363.947725611618,6.9630304741185,,
441.0,49.0,2838.722150797605,3355.6885240614693,37.14294687168182,186.3448116884413,86.15817458004365,12.281672286233094,328.251330700252,9.372383024362962,,
509.0,56.0,3642.517883415569,5900.94139481871,42.68301398470065,196.61427418109545,85.79496049565877,12.876470390695312,361.6824742263314,12.118654721668667,,
