id,frame,x [nm],y [nm],sigma [nm],intensity [photon],offset [photon],bkgstd [photon],chi2,uncertainty [nm],az_tru,inc_tru
82.0,9.0,6003.840986253805,2014.005593976704,40.93550927771317,159.48331410062096,87.97868657612108,13.594193909703154,408.740061296068,14.40418856223108,,
83.0,9.0,6120.889472484091,5650.095284971368,27.18185456516952,149.05659786158927,85.5180569467371,13.1712110212245,403.69862712596193,6.876680389155042,,
242.0,27.0,3663.458509574364,3486.7066592574856,51.36351612478517,249.495901345224,84.70419391193892,11.138432791811256,263.3880086914735,12.018579818839662,,
250.0,28.0,2981.9409064910733,6930.8950207004455,46.74512348697294,191.11757993862727,86.09806467574184,12.745530409926076,361.3027976631498,14.702648910683791,,
365.0,40.0,5608.698089258353,2063.5566362337595,43.186000277117,197.27709921230195,86.98789214139917,12.386548655430756,340.41475157491675,11.917589141370488,0.0,0.680678408277788
365.0,40.0,5608.698089258353,2063.5566362337595,43.186000277117,197.27709921230195,86.98789214139917,12.386548655430756,340.41475157491675,11.917589141370488,,
531.0,59.0,3107.6796123157983,4987.538926730549,55.009771106824864,238.3920828426681,85.09002048389492,12.133154957346337,335.60051277540066,15.525049196926137,,
