id,frame,x [nm],y [nm],sigma [nm],intensity [photon],offset [photon],bkgstd [photon],chi2,uncertainty [nm],az_tru,inc_tru
55.0,6.0,6888.969204836976,3000.8966126073465,44.38188834659625,211.8797749834195,86.18618438355321,11.58639319355644,287.2416451677594,11.025531756525048,,
69.0,8.0,3045.3376111372822,4842.89747380581,31.687825028176302,158.2128956594381,91.4649610764973,18.37562952307626,560.1670588885181,11.75266823410109,0.0,0.122173047639603
69.0,8.0,3045.3376111372822,4842.89747380581,31.687825028176302,158.2128956594381,91.4649610764973,18.37562952307626,560.1670588885181,11.75266823410109,,
111.0,13.0,763.3974020806911,5509.893832947327,53.40404615343015,260.4343616043651,85.88639385269845,11.822747224136473,325.61244737321056,13.133828923078529,,
414.0,46.0,3839.2565344697127,4096.148460377413,4.386593474457242,117.52623949626104,86.96407224973113,12.345151268027132,326.5455621335869,1.4358472026520952,,
526.0,58.0,5146.734545084799,6868.235498688426,46.9468893562868,225.903349847803,86.72693331093747,11.863907258342552,321.8032815807956,11.79722070666623,,
690.0,77.0,1057.8221923389206,6340.700559258353,47.4192330952016,244.90488698225948,85.61240653653556,12.80342164523258,364.0880992680008,11.93989321418748,,
808.0,90.0,719.9436728827154,3446.519727733335,42.98347650942079,187.15890606502256,87.69362532971034,12.78051464994362,339.7734979941471,12.792517191500906,,
